c_Order_Priority,h_Order_Priority,l_Order_Priority,m_Order_Priority,n_Order_Priority,Order_Quantity,Sales,Target
0.0,1.0,0.0,0.0,0.0,0.4081632653061224,0.10027799352891235,0.0
0.0,1.0,0.0,0.0,0.0,0.693877551020408,0.1222668911442717,1.0
0.0,0.0,0.0,0.0,1.0,0.12244897959183673,0.07343831132671762,0.0
0.0,0.0,1.0,0.0,0.0,0.10204081632653061,0.0324472831990373,0.0
0.0,0.0,0.0,1.0,0.0,0.4693877551020408,0.04192864157782301,0.0
0.0,0.0,0.0,0.0,1.0,0.8979591836734693,0.008268933427637069,0.0
1.0,0.0,0.0,0.0,0.0,0.32653061224489793,0.0491601615891626,1.0
0.0,0.0,1.0,0.0,0.0,0.4081632653061224,0.15986399723452846,1.0
0.0,0.0,0.0,0.0,1.0,0.7959183673469387,0.6906812143197041,0.0
0.0,0.0,0.0,0.0,1.0,0.32653061224489793,0.0891864567106799,1.0
0.0,1.0,0.0,0.0,0.0,0.9591836734693877,0.0158352895573076,0.0
0.0,0.0,0.0,0.0,1.0,0.5306122448979591,0.10024400368536687,1.0
1.0,0.0,0.0,0.0,0.0,0.061224489795918366,0.00687462665411212,0.0
1.0,0.0,0.0,0.0,0.0,0.28571428571428564,0.14478154655234507,0.0
0.0,0.0,0.0,0.0,1.0,0.4081632653061224,0.1065089827201421,0.0
0.0,0.0,0.0,0.0,1.0,0.6326530612244897,0.07109156574575887,0.0
0.0,0.0,1.0,0.0,0.0,0.6122448979591836,0.5806568139511674,1.0
0.0,0.0,0.0,0.0,1.0,0.6326530612244897,0.04606310829164154,1.0
0.0,1.0,0.0,0.0,0.0,0.4693877551020408,0.16734646353757612,0.0
0.0,0.0,0.0,0.0,1.0,0.12244897959183673,0.017667486762040722,0.0
1.0,0.0,0.0,0.0,0.0,0.14285714285714285,0.9999999999999999,0.0
1.0,0.0,0.0,0.0,0.0,0.7346938775510203,0.09935050471301725,0.0
0.0,0.0,0.0,0.0,1.0,0.3061224489795918,0.0606161852403082,0.0
0.0,0.0,0.0,1.0,0.0,0.673469387755102,0.1005029050468409,0.0
0.0,0.0,0.0,1.0,0.0,0.16326530612244897,0.002927104079793689,0.0
0.0,0.0,1.0,0.0,0.0,0.4285714285714285,0.2309718347138995,1.0
0.0,1.0,0.0,0.0,0.0,0.8775510204081631,0.36445067350513394,1.0
0.0,0.0,1.0,0.0,0.0,0.28571428571428564,0.05464771335135519,1.0
0.0,0.0,1.0,0.0,0.0,0.510204081632653,0.135603927200987,1.0
0.0,0.0,0.0,1.0,0.0,0.693877551020408,0.6284161600733602,1.0
0.0,0.0,0.0,1.0,0.0,0.8775510204081631,0.21809980864441272,0.0
1.0,0.0,0.0,0.0,0.0,0.061224489795918366,0.0032171025321710255,0.0
0.0,0.0,0.0,0.0,1.0,0.36734693877551017,0.4558833526424573,1.0
0.0,1.0,0.0,0.0,0.0,0.8163265306122448,0.3029616001550516,1.0
0.0,1.0,0.0,0.0,0.0,0.6122448979591836,0.32157212427843906,1.0
1.0,0.0,0.0,0.0,0.0,0.8775510204081631,0.20709180005872288,1.0
0.0,1.0,0.0,0.0,0.0,0.0,0.010747299253814456,0.0
0.0,0.0,1.0,0.0,0.0,0.16326530612244897,0.23186388730992807,0.0
0.0,0.0,0.0,0.0,1.0,0.5306122448979591,0.020159593163268406,0.0
1.0,0.0,0.0,0.0,0.0,0.08163265306122448,0.09167675514150622,0.0
0.0,1.0,0.0,0.0,0.0,0.4693877551020408,0.05330656090763007,0.0
0.0,1.0,0.0,0.0,0.0,0.44897959183673464,0.2417140716505902,1.0
1.0,0.0,0.0,0.0,0.0,0.4081632653061224,0.1531047190920228,1.0
0.0,1.0,0.0,0.0,0.0,0.0,0.1324985572396197,0.0
0.0,0.0,0.0,0.0,1.0,0.44897959183673464,0.38989894168644584,0.0
0.0,0.0,1.0,0.0,0.0,0.7551020408163265,0.8405981200000578,0.0
0.0,1.0,0.0,0.0,0.0,0.061224489795918366,0.001947184122259298,0.0
0.0,1.0,0.0,0.0,0.0,0.08163265306122448,0.002091098566207153,0.0
0.0,1.0,0.0,0.0,0.0,0.18367346938775508,0.07062221662956712,0.0
0.0,0.0,0.0,0.0,1.0,0.8571428571428571,0.030732965664472513,0.0
1.0,0.0,0.0,0.0,0.0,0.7551020408163265,0.02803655860789172,0.0
0.0,1.0,0.0,0.0,0.0,0.4285714285714285,0.040641005057978,0.0
0.0,0.0,0.0,1.0,0.0,0.9795918367346937,0.25288009684935847,0.0
1.0,0.0,0.0,0.0,0.0,0.12244897959183673,0.06746513871472108,1.0
0.0,1.0,0.0,0.0,0.0,0.04081632653061225,0.015284220178974607,0.0
0.0,1.0,0.0,0.0,0.0,0.5714285714285714,0.754413978937868,0.0
1.0,0.0,0.0,0.0,0.0,0.6326530612244897,0.33365623684701534,1.0
0.0,1.0,0.0,0.0,0.0,0.04081632653061225,0.015650876576369394,0.0
0.0,0.0,0.0,0.0,1.0,0.673469387755102,0.238627504581397,1.0
0.0,0.0,1.0,0.0,0.0,0.0,0.006741560032572394,0.0
0.0,0.0,0.0,0.0,1.0,0.6122448979591836,0.09535959084906631,0.0
0.0,0.0,0.0,0.0,1.0,0.10204081632653061,0.0029704953694262085,0.0
0.0,0.0,0.0,1.0,0.0,0.16326530612244897,0.00679109842156952,1.0
0.0,1.0,0.0,0.0,0.0,0.7142857142857142,0.13428483199615843,1.0
0.0,1.0,0.0,0.0,0.0,0.22448979591836735,0.04755215271419749,1.0
1.0,0.0,0.0,0.0,0.0,0.7346938775510203,0.17675911904111036,1.0
0.0,0.0,1.0,0.0,0.0,0.7142857142857142,0.2811307191527706,1.0
0.0,0.0,0.0,1.0,0.0,0.6326530612244897,0.09241802300606176,1.0
1.0,0.0,0.0,0.0,0.0,0.693877551020408,0.0530744175080961,0.0
0.0,0.0,1.0,0.0,0.0,0.6326530612244897,0.09345326685787762,0.0
0.0,1.0,0.0,0.0,0.0,0.28571428571428564,0.007559485842145381,0.0
0.0,0.0,0.0,1.0,0.0,0.9795918367346937,0.07133021783873772,1.0
0.0,0.0,0.0,0.0,1.0,0.4693877551020408,0.05220984606216815,1.0
0.0,0.0,0.0,0.0,1.0,0.36734693877551017,0.01394559889381139,1.0
0.0,0.0,0.0,1.0,0.0,0.7346938775510203,0.03595908490662918,1.0
0.0,0.0,0.0,0.0,1.0,0.16326530612244897,0.0020043340666461283,0.0
0.0,0.0,0.0,0.0,1.0,0.14285714285714285,0.015428857811083004,1.0
0.0,1.0,0.0,0.0,0.0,0.4897959183673469,0.012086282133057943,0.0
1.0,0.0,0.0,0.0,0.0,0.7755102040816325,0.03966904017020957,0.0
0.0,0.0,0.0,0.0,1.0,0.32653061224489793,0.00779199083575963,0.0
0.0,0.0,0.0,1.0,0.0,0.12244897959183673,0.04019732912148549,1.0
0.0,0.0,0.0,0.0,1.0,0.12244897959183673,0.00444579921693186,0.0
1.0,0.0,0.0,0.0,0.0,0.836734693877551,0.01753586651682208,1.0
0.0,0.0,0.0,1.0,0.0,0.10204081632653061,0.34757218502624454,0.0
0.0,0.0,1.0,0.0,0.0,0.4897959183673469,0.10886910728207086,1.0
1.0,0.0,0.0,0.0,0.0,0.22448979591836735,0.7980695938430653,1.0
1.0,0.0,0.0,0.0,0.0,0.14285714285714285,0.008160455203555772,0.0
0.0,0.0,0.0,1.0,0.0,0.02040816326530612,0.0012189336445935176,0.0
0.0,1.0,0.0,0.0,0.0,0.8775510204081631,0.009665771359723917,0.0
0.0,0.0,1.0,0.0,0.0,0.7346938775510203,0.2077448389676923,1.0
0.0,0.0,0.0,1.0,0.0,0.3061224489795918,0.09482830066692413,1.0
1.0,0.0,0.0,0.0,0.0,0.7346938775510203,0.057588919600279447,1.0
0.0,1.0,0.0,0.0,0.0,0.14285714285714285,0.043774217763526156,1.0
0.0,0.0,0.0,1.0,0.0,0.0,0.0034803430226083083,0.0
0.0,1.0,0.0,0.0,0.0,0.5714285714285714,0.09930566704706364,0.0
0.0,0.0,0.0,0.0,1.0,0.38775510204081626,0.007113640341171247,1.0
0.0,0.0,0.0,0.0,1.0,0.38775510204081626,0.056931541562346775,1.0
0.0,1.0,0.0,0.0,0.0,0.9387755102040816,0.03802018924387786,0.0
0.0,0.0,1.0,0.0,0.0,0.6326530612244897,0.11705270450676399,1.0
0.0,0.0,0.0,0.0,1.0,0.836734693877551,0.1302201529398322,0.0
0.0,0.0,1.0,0.0,0.0,0.7551020408163265,0.034129780454538225,1.0
0.0,0.0,0.0,1.0,0.0,0.9795918367346937,0.08903314082064501,1.0
0.0,0.0,0.0,1.0,0.0,0.693877551020408,0.051961069334941705,1.0
0.0,1.0,0.0,0.0,0.0,0.9183673469387754,0.014529934927529315,0.0
0.0,1.0,0.0,0.0,0.0,0.4897959183673469,0.09638579484887537,1.0
0.0,1.0,0.0,0.0,0.0,1.0,0.19906549625894762,1.0
1.0,0.0,0.0,0.0,0.0,0.3061224489795918,0.007841529224756756,0.0
0.0,0.0,1.0,0.0,0.0,0.5306122448979591,0.05543891735839614,1.0
0.0,0.0,0.0,0.0,1.0,0.5714285714285714,0.018891952796062386,1.0
0.0,0.0,0.0,1.0,0.0,0.4897959183673469,0.016078118061913584,1.0
0.0,0.0,0.0,0.0,1.0,0.8979591836734693,0.03912447948532145,1.0
0.0,0.0,1.0,0.0,0.0,0.6326530612244897,0.17327009776057553,1.0
0.0,0.0,1.0,0.0,0.0,0.5510204081632653,0.024910216189868713,1.0
0.0,0.0,0.0,0.0,1.0,0.7142857142857142,0.01962877305343059,1.0
0.0,0.0,0.0,1.0,0.0,0.7346938775510203,0.20257368202573683,1.0
1.0,0.0,0.0,0.0,0.0,0.26530612244897955,0.004690236815195051,0.0
0.0,0.0,0.0,1.0,0.0,0.8979591836734693,0.4542717278266894,1.0
1.0,0.0,0.0,0.0,0.0,0.836734693877551,0.02290698498516741,1.0
1.0,0.0,0.0,0.0,0.0,0.16326530612244897,0.0035237343122408275,0.0
0.0,1.0,0.0,0.0,0.0,0.10204081632653061,0.0037533465532129085,0.0
0.0,0.0,0.0,0.0,1.0,0.04081632653061225,0.0013689951879059799,0.0
0.0,0.0,0.0,0.0,1.0,0.5714285714285714,0.025070763961509035,1.0
1.0,0.0,0.0,0.0,0.0,0.04081632653061225,0.0017913370736624998,0.0
0.0,0.0,0.0,0.0,1.0,0.0,0.0004646483931482261,0.0
0.0,0.0,0.0,0.0,1.0,0.24489795918367344,0.0018235189468066185,1.0
0.0,1.0,0.0,0.0,0.0,0.04081632653061225,0.001482174135030801,0.0
0.0,0.0,1.0,0.0,0.0,0.346938775510204,0.004401323145058527,0.0
0.0,0.0,1.0,0.0,0.0,0.7959183673469387,0.01546067809014685,0.0
1.0,0.0,0.0,0.0,0.0,0.36734693877551017,0.012997137621260575,1.0
0.0,1.0,0.0,0.0,0.0,0.08163265306122448,0.0005626403889016652,1.0
0.0,1.0,0.0,0.0,0.0,0.8163265306122448,0.009482443161026522,0.0
0.0,0.0,0.0,0.0,1.0,0.08163265306122448,0.0033487227773896667,1.0
0.0,1.0,0.0,0.0,0.0,0.673469387755102,0.057836249951184804,0.0
0.0,0.0,0.0,0.0,1.0,0.44897959183673464,0.009638651803703591,1.0
0.0,1.0,0.0,0.0,0.0,0.9795918367346937,0.2230014695183422,1.0
0.0,0.0,1.0,0.0,0.0,0.5918367346938774,0.013682719997454377,0.0
0.0,1.0,0.0,0.0,0.0,0.02040816326530612,0.0008038236404424175,1.0
1.0,0.0,0.0,0.0,0.0,0.4285714285714285,0.015632435278275573,0.0
0.0,0.0,0.0,0.0,1.0,0.510204081632653,0.02232734967449301,1.0
0.0,0.0,0.0,0.0,1.0,0.38775510204081626,0.023564001429019803,1.0
1.0,0.0,0.0,0.0,0.0,0.673469387755102,0.034834165722906124,0.0
1.0,0.0,0.0,0.0,0.0,0.5510204081632653,0.01621062421262889,0.0
0.0,0.0,1.0,0.0,0.0,0.061224489795918366,0.0011614401858304297,0.0
0.0,0.0,0.0,0.0,1.0,0.061224489795918366,0.0019858746888482943,0.0
1.0,0.0,0.0,0.0,0.0,0.24489795918367344,0.015560478056301646,0.0
0.0,0.0,0.0,1.0,0.0,0.18367346938775508,0.019598760744768098,1.0
0.0,0.0,1.0,0.0,0.0,0.28571428571428564,0.0381249972880444,1.0
0.0,0.0,0.0,0.0,1.0,0.4081632653061224,0.03286130842094758,1.0
1.0,0.0,0.0,0.0,0.0,0.5306122448979591,0.03223141153311551,0.0
0.0,0.0,0.0,0.0,1.0,0.0,0.00033592090057175256,1.0
0.0,1.0,0.0,0.0,0.0,0.8571428571428571,0.02505340744565603,0.0
1.0,0.0,0.0,0.0,0.0,0.5510204081632653,0.005784420502095076,1.0
0.0,0.0,1.0,0.0,0.0,0.7755102040816325,0.0068988534574902765,1.0
0.0,1.0,0.0,0.0,0.0,0.08163265306122448,0.011456385245225874,0.0
1.0,0.0,0.0,0.0,0.0,0.38775510204081626,0.03452138684347171,1.0
0.0,0.0,1.0,0.0,0.0,0.7755102040816325,0.07501097438033623,1.0
0.0,0.0,1.0,0.0,0.0,0.510204081632653,0.006488805770462971,0.0
0.0,0.0,1.0,0.0,0.0,0.9591836734693877,0.010294583465315173,0.0
0.0,0.0,0.0,0.0,1.0,0.18367346938775508,0.010873133993748762,0.0
0.0,1.0,0.0,0.0,0.0,0.28571428571428564,0.03209438545639682,1.0
0.0,1.0,0.0,0.0,0.0,0.9183673469387754,0.09517468971611971,1.0
0.0,0.0,1.0,0.0,0.0,0.10204081632653061,0.09111773069340727,1.0
0.0,1.0,0.0,0.0,0.0,0.673469387755102,0.024445929390800758,1.0
0.0,0.0,0.0,1.0,0.0,0.4897959183673469,0.005668348802328088,0.0
1.0,0.0,0.0,0.0,0.0,0.36734693877551017,0.27482162564020235,1.0
0.0,0.0,1.0,0.0,0.0,0.6122448979591836,0.1164716228197685,1.0
0.0,0.0,1.0,0.0,0.0,0.4693877551020408,0.14472215472466057,1.0
0.0,1.0,0.0,0.0,0.0,0.9795918367346937,0.29703037245636643,1.0
0.0,1.0,0.0,0.0,0.0,0.5714285714285714,0.013236874496480243,1.0
1.0,0.0,0.0,0.0,0.0,0.4081632653061224,0.03035943897955258,1.0
0.0,1.0,0.0,0.0,0.0,0.5714285714285714,0.18087447550778657,1.0
1.0,0.0,0.0,0.0,0.0,0.5306122448979591,0.013606785240597469,0.0
0.0,0.0,0.0,1.0,0.0,0.5510204081632653,0.04851652412628023,0.0
1.0,0.0,0.0,0.0,0.0,0.44897959183673464,0.0034792582403674953,1.0
0.0,1.0,0.0,0.0,0.0,0.7142857142857142,0.011847630040079087,1.0
0.0,0.0,1.0,0.0,0.0,0.6122448979591836,0.1705999062748144,1.0
1.0,0.0,0.0,0.0,0.0,0.38775510204081626,0.008153584916030623,0.0
0.0,1.0,0.0,0.0,0.0,0.9183673469387754,0.2820017992921435,1.0
0.0,0.0,0.0,1.0,0.0,0.9591836734693877,0.045603883809697376,0.0
0.0,0.0,1.0,0.0,0.0,0.4081632653061224,0.04390041409754073,1.0
0.0,0.0,1.0,0.0,0.0,0.510204081632653,0.013798430103141095,1.0
0.0,1.0,0.0,0.0,0.0,0.10204081632653061,0.0014807277587097164,0.0
0.0,0.0,0.0,1.0,0.0,0.16326530612244897,0.13710924335715516,1.0
0.0,0.0,0.0,1.0,0.0,0.9387755102040816,0.024855615483747793,0.0
0.0,1.0,0.0,0.0,0.0,0.836734693877551,0.033670555972594066,1.0
0.0,0.0,0.0,1.0,0.0,0.3061224489795918,0.08042069301675049,0.0
0.0,0.0,0.0,1.0,0.0,0.836734693877551,0.06518456485045192,1.0
0.0,0.0,0.0,0.0,1.0,0.26530612244897955,0.004228481174688993,0.0
1.0,0.0,0.0,0.0,0.0,0.8979591836734693,0.08663790547352192,1.0
0.0,0.0,0.0,0.0,1.0,0.0,0.002066419770228658,0.0
0.0,0.0,1.0,0.0,0.0,0.32653061224489793,0.0039688566250544195,0.0
1.0,0.0,0.0,0.0,0.0,0.7142857142857142,0.07385255350507607,1.0
1.0,0.0,0.0,0.0,0.0,0.4081632653061224,0.010884705004317433,0.0
0.0,0.0,1.0,0.0,0.0,0.4897959183673469,0.09115049111707983,1.0
0.0,0.0,1.0,0.0,0.0,0.44897959183673464,0.04392570760345569,1.0
0.0,1.0,0.0,0.0,0.0,0.16326530612244897,0.009257893237178235,0.0
1.0,0.0,0.0,0.0,0.0,0.7551020408163265,0.009105300535303878,0.0
0.0,1.0,0.0,0.0,0.0,0.5918367346938774,0.0069697258972233915,0.0
0.0,1.0,0.0,0.0,0.0,0.7142857142857142,0.34480092799504763,1.0
1.0,0.0,0.0,0.0,0.0,0.26530612244897955,0.022580827124762975,1.0
0.0,1.0,0.0,0.0,0.0,0.08163265306122448,0.007566356129670529,0.0
1.0,0.0,0.0,0.0,0.0,0.4285714285714285,0.006803392620298734,1.0
0.0,0.0,1.0,0.0,0.0,0.673469387755102,0.10213550231926444,1.0
0.0,0.0,0.0,1.0,0.0,0.346938775510204,0.03535088366361337,1.0
0.0,0.0,0.0,0.0,1.0,0.02040816326530612,0.0003767810316423748,1.0
0.0,0.0,0.0,1.0,0.0,0.5510204081632653,0.05560581110614523,1.0
1.0,0.0,0.0,0.0,0.0,0.061224489795918366,0.0034459915849825644,0.0
0.0,0.0,0.0,0.0,1.0,0.7755102040816325,0.12269610331755339,0.0
1.0,0.0,0.0,0.0,0.0,0.36734693877551017,0.004991083089980517,0.0
0.0,0.0,0.0,0.0,1.0,0.510204081632653,0.009022133896841549,1.0
0.0,0.0,0.0,0.0,1.0,0.16326530612244897,0.04628096872500482,0.0
0.0,0.0,0.0,1.0,0.0,0.061224489795918366,0.0010905677460973152,0.0
1.0,0.0,0.0,0.0,0.0,0.346938775510204,0.0127150942386492,0.0
0.0,0.0,1.0,0.0,0.0,0.8775510204081631,0.007299138104350266,1.0
1.0,0.0,0.0,0.0,0.0,0.5714285714285714,0.18624888448226237,1.0
0.0,0.0,0.0,1.0,0.0,0.38775510204081626,0.0307119932078168,1.0
0.0,1.0,0.0,0.0,0.0,0.12244897959183673,0.004308031872348611,0.0
0.0,0.0,0.0,0.0,1.0,0.836734693877551,0.2580092003997784,1.0
1.0,0.0,0.0,0.0,0.0,0.8571428571428571,0.06302874094387627,1.0
1.0,0.0,0.0,0.0,0.0,0.12244897959183673,0.013472977351193188,0.0
0.0,0.0,0.0,0.0,1.0,0.5510204081632653,0.09919971998154424,1.0
0.0,1.0,0.0,0.0,0.0,0.44897959183673464,0.04722563325971279,1.0
0.0,0.0,0.0,0.0,1.0,0.9183673469387754,0.08402108527400877,1.0
0.0,0.0,0.0,0.0,1.0,0.7755102040816325,0.040920155687947206,1.0
0.0,0.0,0.0,1.0,0.0,0.14285714285714285,0.0016991305831933969,0.0
1.0,0.0,0.0,0.0,0.0,0.22448979591836735,0.07242857793726488,0.0
0.0,0.0,0.0,0.0,1.0,0.28571428571428564,0.021569086888164737,1.0
0.0,0.0,0.0,0.0,1.0,0.26530612244897955,0.015543844728609181,1.0
0.0,0.0,0.0,0.0,1.0,0.061224489795918366,0.00463129698011088,0.0
0.0,0.0,0.0,0.0,1.0,0.36734693877551017,0.12824621085563284,1.0
0.0,1.0,0.0,0.0,0.0,0.28571428571428564,0.0024711339445719666,1.0
0.0,1.0,0.0,0.0,0.0,0.8775510204081631,0.05908599141141741,1.0
0.0,0.0,1.0,0.0,0.0,0.44897959183673464,0.01430610819184157,0.0
0.0,0.0,1.0,0.0,0.0,0.6326530612244897,0.04965699185545495,1.0
0.0,0.0,1.0,0.0,0.0,0.8571428571428571,0.04696203117519523,0.0
0.0,0.0,1.0,0.0,0.0,0.04081632653061225,0.018621371945795603,0.0
0.0,0.0,0.0,1.0,0.0,0.4081632653061224,0.27131958697277775,1.0
0.0,0.0,0.0,1.0,0.0,0.510204081632653,0.012820679710088332,1.0
0.0,0.0,0.0,0.0,1.0,0.673469387755102,0.027624341356382785,1.0
0.0,0.0,1.0,0.0,0.0,0.6122448979591836,0.021903561412415406,1.0
0.0,0.0,1.0,0.0,0.0,0.26530612244897955,0.0024393136655081193,0.0
0.0,0.0,1.0,0.0,0.0,0.836734693877551,0.013165278868586587,0.0
0.0,0.0,1.0,0.0,0.0,0.9183673469387754,0.014570795058599937,0.0
1.0,0.0,0.0,0.0,0.0,0.836734693877551,0.032472594784656264,0.0
0.0,1.0,0.0,0.0,0.0,0.6326530612244897,0.009478465626143542,0.0
0.0,0.0,1.0,0.0,0.0,0.02040816326530612,0.0013393444733237584,0.0
1.0,0.0,0.0,0.0,0.0,0.36734693877551017,0.0036018386335793617,0.0
0.0,0.0,0.0,1.0,0.0,0.28571428571428564,0.005124872899680785,0.0
0.0,0.0,0.0,0.0,1.0,0.8979591836734693,0.018827480571550065,0.0
0.0,1.0,0.0,0.0,0.0,0.5306122448979591,0.008532535512154623,1.0
0.0,0.0,1.0,0.0,0.0,0.5510204081632653,0.013085366576846698,0.0
0.0,0.0,0.0,0.0,1.0,0.346938775510204,0.00461719481098031,0.0
0.0,1.0,0.0,0.0,0.0,0.836734693877551,0.009320449013065118,0.0
0.0,0.0,0.0,1.0,0.0,0.26530612244897955,0.04199644046787382,1.0
1.0,0.0,0.0,0.0,0.0,0.4897959183673469,0.014074687980468133,0.0
0.0,0.0,1.0,0.0,0.0,0.28571428571428564,0.010929904264351307,0.0
1.0,0.0,0.0,0.0,0.0,0.4897959183673469,0.00492635774961201,0.0
0.0,0.0,1.0,0.0,0.0,0.4081632653061224,0.03764881404373553,1.0
0.0,0.0,1.0,0.0,0.0,0.3061224489795918,0.029237774142551957,1.0
1.0,0.0,0.0,0.0,0.0,0.24489795918367344,0.0040881826715438475,0.0
1.0,0.0,0.0,0.0,0.0,0.9591836734693877,0.019150745679312336,0.0
1.0,0.0,0.0,0.0,0.0,0.28571428571428564,0.029442526790505408,1.0
0.0,1.0,0.0,0.0,0.0,1.0,0.009863924915712419,0.0
0.0,1.0,0.0,0.0,0.0,0.9387755102040816,0.008945837545904368,0.0
1.0,0.0,0.0,0.0,0.0,0.44897959183673464,0.05046479303078034,1.0
0.0,0.0,0.0,0.0,1.0,0.7959183673469387,0.24520878803788926,1.0
0.0,1.0,0.0,0.0,0.0,0.26530612244897955,0.08039899737193423,1.0
0.0,0.0,1.0,0.0,0.0,0.24489795918367344,0.02628572007121957,1.0
1.0,0.0,0.0,0.0,0.0,0.510204081632653,0.007231881605419861,0.0
0.0,0.0,0.0,1.0,0.0,0.12244897959183673,0.002719549077718139,1.0
0.0,1.0,0.0,0.0,0.0,0.8979591836734693,0.025435973982582735,0.0
0.0,1.0,0.0,0.0,0.0,0.836734693877551,0.019860554858884296,1.0
0.0,0.0,1.0,0.0,0.0,0.9183673469387754,0.02103862837240719,1.0
0.0,0.0,1.0,0.0,0.0,0.14285714285714285,0.007511393829469339,0.0
0.0,0.0,0.0,1.0,0.0,0.16326530612244897,0.0015306277417871136,0.0
0.0,0.0,0.0,1.0,0.0,0.8775510204081631,0.028356207774851275,1.0
0.0,0.0,0.0,1.0,0.0,0.26530612244897955,0.027981975981474814,0.0
0.0,0.0,0.0,0.0,1.0,0.8571428571428571,0.008410316713023027,0.0
0.0,1.0,0.0,0.0,0.0,0.3061224489795918,0.0030178641939417085,1.0
0.0,1.0,0.0,0.0,0.0,0.9795918367346937,0.0056737727135321514,0.0
1.0,0.0,0.0,0.0,0.0,0.02040816326530612,0.0009502692429521699,0.0
0.0,0.0,0.0,0.0,1.0,0.4693877551020408,0.0824911807203822,1.0
1.0,0.0,0.0,0.0,0.0,0.44897959183673464,0.0030536620078885366,1.0
0.0,0.0,1.0,0.0,0.0,0.24489795918367344,0.001979004401323145,0.0
0.0,0.0,1.0,0.0,0.0,0.7142857142857142,0.05163382669229646,0.0
0.0,1.0,0.0,0.0,0.0,0.24489795918367344,0.03845986956578337,1.0
0.0,0.0,0.0,0.0,1.0,0.693877551020408,0.01934962242346138,0.0
0.0,1.0,0.0,0.0,0.0,0.2040816326530612,0.07277250814671463,0.0
0.0,0.0,1.0,0.0,0.0,0.673469387755102,0.07758868818006807,1.0
0.0,1.0,0.0,0.0,0.0,0.14285714285714285,0.037376172107211204,1.0
0.0,0.0,0.0,1.0,0.0,0.4897959183673469,0.01448111972669273,1.0
0.0,0.0,1.0,0.0,0.0,0.26530612244897955,0.002729673711965727,0.0
0.0,0.0,1.0,0.0,0.0,0.38775510204081626,0.0012156792978710788,0.0
0.0,0.0,0.0,0.0,1.0,0.4285714285714285,0.008582797089312292,0.0
1.0,0.0,0.0,0.0,0.0,0.7346938775510203,0.021685881776092267,0.0
0.0,0.0,0.0,0.0,1.0,0.8979591836734693,0.004473280367032455,1.0
0.0,0.0,1.0,0.0,0.0,0.7142857142857142,0.059209222673973765,1.0
0.0,1.0,0.0,0.0,0.0,0.24489795918367344,0.0014221495177058159,1.0
0.0,0.0,1.0,0.0,0.0,0.8163265306122448,0.005195383745333629,0.0
0.0,0.0,0.0,0.0,1.0,0.836734693877551,0.05387245564325418,1.0
0.0,0.0,0.0,1.0,0.0,0.8979591836734693,0.008869541194967188,0.0
0.0,0.0,0.0,1.0,0.0,0.28571428571428564,0.010430181245416795,0.0
0.0,0.0,0.0,1.0,0.0,0.12244897959183673,0.0036036466039807177,1.0
0.0,0.0,0.0,1.0,0.0,0.5714285714285714,0.04289807530702954,1.0
0.0,0.0,0.0,1.0,0.0,0.9795918367346937,0.09705508741175296,1.0
0.0,0.0,1.0,0.0,0.0,0.836734693877551,0.00596051681918705,0.0
0.0,1.0,0.0,0.0,0.0,0.08163265306122448,0.00024516078642373334,1.0
1.0,0.0,0.0,0.0,0.0,0.7346938775510203,0.015720302639781424,0.0
1.0,0.0,0.0,0.0,0.0,0.061224489795918366,0.0008045468286029597,0.0
0.0,1.0,0.0,0.0,0.0,0.38775510204081626,0.0033089474285598578,0.0
0.0,0.0,1.0,0.0,0.0,0.08163265306122448,0.0006053084903736424,0.0
0.0,0.0,1.0,0.0,0.0,0.2040816326530612,0.0061460145823660686,0.0
0.0,0.0,0.0,0.0,1.0,0.7346938775510203,0.02645205334814423,1.0
0.0,0.0,0.0,1.0,0.0,0.4081632653061224,0.07287670148094472,1.0
0.0,0.0,0.0,1.0,0.0,0.16326530612244897,0.001253285082219262,1.0
0.0,0.0,0.0,1.0,0.0,0.4897959183673469,0.0059818508699230385,0.0
0.0,0.0,0.0,0.0,1.0,0.9387755102040816,0.009228242522596014,0.0
1.0,0.0,0.0,0.0,0.0,0.6122448979591836,0.0071573932248840365,0.0
0.0,1.0,0.0,0.0,0.0,0.5306122448979591,0.17046376610359235,1.0
0.0,0.0,0.0,0.0,1.0,0.7142857142857142,0.009737005393537302,0.0
0.0,0.0,0.0,0.0,1.0,0.9387755102040816,0.03314732933844194,1.0
1.0,0.0,0.0,0.0,0.0,0.6122448979591836,0.04653498856639519,1.0
0.0,0.0,0.0,0.0,1.0,0.7755102040816325,0.01428766689374775,0.0
1.0,0.0,0.0,0.0,0.0,0.6326530612244897,0.006760724518826757,0.0
0.0,1.0,0.0,0.0,0.0,0.2040816326530612,0.019888397603065162,1.0
1.0,0.0,0.0,0.0,0.0,0.4693877551020408,0.004602369453689199,0.0
0.0,0.0,0.0,0.0,1.0,0.10204081632653061,0.0005127404058242682,1.0
0.0,0.0,1.0,0.0,0.0,0.24489795918367344,0.0024331665661435128,0.0
0.0,0.0,1.0,0.0,0.0,0.4897959183673469,0.03508077288565094,1.0
0.0,0.0,1.0,0.0,0.0,0.346938775510204,0.031557038573410114,1.0
1.0,0.0,0.0,0.0,0.0,0.04081632653061225,0.00420208480682921,0.0
0.0,1.0,0.0,0.0,0.0,0.6326530612244897,0.004577781056230771,1.0
1.0,0.0,0.0,0.0,0.0,0.08163265306122448,0.07271837751289807,1.0
0.0,0.0,0.0,0.0,1.0,0.10204081632653061,0.008085605228939675,0.0
0.0,0.0,1.0,0.0,0.0,0.24489795918367344,0.002019864532393767,1.0
0.0,1.0,0.0,0.0,0.0,0.6122448979591836,0.004313817377632948,1.0
0.0,0.0,0.0,1.0,0.0,0.6530612244897959,0.0037519001768918244,0.0
0.0,0.0,0.0,1.0,0.0,0.3061224489795918,0.01708347616299504,1.0
0.0,1.0,0.0,0.0,0.0,0.8571428571428571,0.009111809228748753,0.0
1.0,0.0,0.0,0.0,0.0,0.8571428571428571,0.009262232366141487,0.0
1.0,0.0,0.0,0.0,0.0,0.8571428571428571,0.04601935540792875,1.0
1.0,0.0,0.0,0.0,0.0,0.061224489795918366,0.015268237720626628,0.0
1.0,0.0,0.0,0.0,0.0,0.32653061224489793,0.018448529975426065,1.0
0.0,0.0,0.0,0.0,1.0,0.6326530612244897,0.02949305956322328,0.0
0.0,0.0,0.0,0.0,1.0,0.7551020408163265,0.13353381917113957,1.0
0.0,1.0,0.0,0.0,0.0,0.02040816326530612,0.005291567770685712,0.0
0.0,0.0,0.0,1.0,0.0,0.04081632653061225,0.0,0.0
0.0,1.0,0.0,0.0,0.0,0.4897959183673469,0.03387268706346555,1.0
0.0,1.0,0.0,0.0,0.0,0.061224489795918366,0.0011907293063323802,0.0
0.0,0.0,1.0,0.0,0.0,0.2040816326530612,0.022042648575391642,0.0
0.0,0.0,0.0,0.0,1.0,0.16326530612244897,0.0018217109764052633,0.0
0.0,0.0,0.0,0.0,1.0,0.26530612244897955,0.004637444079475485,0.0
0.0,0.0,0.0,0.0,1.0,0.0,0.00014969994923219116,0.0
0.0,0.0,0.0,0.0,1.0,0.5918367346938774,0.008769018040651853,1.0
0.0,1.0,0.0,0.0,0.0,0.5918367346938774,0.1792479530159116,1.0
0.0,1.0,0.0,0.0,0.0,0.22448979591836735,0.0030713801178218155,0.0
0.0,1.0,0.0,0.0,0.0,0.4285714285714285,0.032416186108133994,1.0
0.0,0.0,1.0,0.0,0.0,0.28571428571428564,0.029878663490424267,0.0
0.0,0.0,1.0,0.0,0.0,0.346938775510204,0.08939764573326218,1.0
0.0,0.0,1.0,0.0,0.0,0.6530612244897959,0.018196498901477183,0.0
0.0,1.0,0.0,0.0,0.0,0.7755102040816325,0.009888513313170847,1.0
0.0,1.0,0.0,0.0,0.0,0.9387755102040816,0.00661970282752107,0.0
0.0,1.0,0.0,0.0,0.0,0.346938775510204,0.018044990981843638,1.0
0.0,0.0,0.0,1.0,0.0,0.14285714285714285,0.029350012945068074,0.0
0.0,0.0,0.0,0.0,1.0,0.08163265306122448,0.0002227419534469317,1.0
0.0,0.0,0.0,0.0,1.0,0.22448979591836735,0.00399091386395095,0.0
0.0,1.0,0.0,0.0,0.0,0.12244897959183673,0.013586174378022023,1.0
0.0,1.0,0.0,0.0,0.0,0.04081632653061225,0.008332212391684492,0.0
0.0,0.0,1.0,0.0,0.0,0.7959183673469387,0.008927034653730277,0.0
0.0,0.0,0.0,0.0,1.0,0.8163265306122448,0.0302108238125612,1.0
0.0,0.0,0.0,1.0,0.0,1.0,0.026872587263499392,1.0
0.0,0.0,0.0,1.0,0.0,0.9387755102040816,0.10092452374443688,1.0
0.0,0.0,0.0,1.0,0.0,0.8775510204081631,0.006062486349823469,1.0
1.0,0.0,0.0,0.0,0.0,1.0,0.029358546565362468,0.0
0.0,0.0,1.0,0.0,0.0,0.4897959183673469,0.0306009838251736,0.0
0.0,0.0,0.0,1.0,0.0,0.14285714285714285,0.011976357532655562,1.0
1.0,0.0,0.0,0.0,0.0,0.061224489795918366,0.002331197035507092,0.0
0.0,0.0,0.0,1.0,0.0,0.08163265306122448,0.0010218648708458264,0.0
0.0,0.0,1.0,0.0,0.0,0.673469387755102,0.0023756731073804245,0.0
0.0,0.0,1.0,0.0,0.0,0.8775510204081631,0.009392044640958773,0.0
0.0,0.0,0.0,0.0,1.0,0.14285714285714285,0.010544083380702158,1.0
0.0,0.0,0.0,1.0,0.0,0.36734693877551017,0.004325026794121349,0.0
0.0,0.0,0.0,0.0,1.0,0.16326530612244897,0.008829765846137379,1.0
1.0,0.0,0.0,0.0,0.0,0.9591836734693877,0.007176919305218671,0.0
0.0,0.0,0.0,0.0,1.0,0.5918367346938774,0.003815540735019519,1.0
0.0,0.0,0.0,0.0,1.0,0.28571428571428564,0.015456338961183598,0.0
0.0,0.0,0.0,0.0,1.0,0.9795918367346937,0.1894349260829381,1.0
1.0,0.0,0.0,0.0,0.0,0.4081632653061224,0.00895017667486762,0.0
0.0,0.0,0.0,1.0,0.0,0.2040816326530612,0.005209485914464197,1.0
0.0,1.0,0.0,0.0,0.0,0.9795918367346937,0.016533166132230617,0.0
1.0,0.0,0.0,0.0,0.0,0.3061224489795918,0.0036094321092650533,0.0
1.0,0.0,0.0,0.0,0.0,0.5306122448979591,0.0025264578388534287,1.0
0.0,1.0,0.0,0.0,0.0,0.8571428571428571,0.2377594256728904,1.0
0.0,0.0,0.0,0.0,1.0,0.5714285714285714,0.02114312906160551,1.0
0.0,1.0,0.0,0.0,0.0,0.28571428571428564,0.02115795441889662,1.0
0.0,0.0,0.0,1.0,0.0,0.2040816326530612,0.0008605939110449635,1.0
0.0,0.0,0.0,1.0,0.0,0.510204081632653,0.1692386311205222,1.0
1.0,0.0,0.0,0.0,0.0,0.14285714285714285,0.001522311077940881,0.0
1.0,0.0,0.0,0.0,0.0,0.9591836734693877,0.22061639496487476,1.0
1.0,0.0,0.0,0.0,0.0,0.0,0.008102238556632141,0.0
1.0,0.0,0.0,0.0,0.0,0.0,0.001940313834734149,0.0
1.0,0.0,0.0,0.0,0.0,0.6122448979591836,0.005394622083562945,0.0
0.0,0.0,0.0,0.0,1.0,0.02040816326530612,0.0005915679153233447,0.0
0.0,1.0,0.0,0.0,0.0,0.6122448979591836,0.005718971973566026,0.0
0.0,1.0,0.0,0.0,0.0,0.02040816326530612,0.029019009723988007,0.0
0.0,1.0,0.0,0.0,0.0,0.693877551020408,0.11941085838095528,1.0
0.0,0.0,1.0,0.0,0.0,0.32653061224489793,0.02469651408842856,1.0
0.0,0.0,1.0,0.0,0.0,0.8979591836734693,0.012171256741921627,1.0
0.0,0.0,0.0,1.0,0.0,0.08163265306122448,0.005656777791759415,0.0
0.0,0.0,0.0,0.0,1.0,0.02040816326530612,0.02821916361842857,0.0
1.0,0.0,0.0,0.0,0.0,0.26530612244897955,0.014267417625252575,1.0
0.0,0.0,0.0,1.0,0.0,0.9183673469387754,0.008693444877875215,0.0
1.0,0.0,0.0,0.0,0.0,0.36734693877551017,0.12800683557449344,1.0
0.0,0.0,1.0,0.0,0.0,0.4693877551020408,0.0485234305732134,1.0
0.0,0.0,0.0,1.0,0.0,0.14285714285714285,0.004310201436830237,0.0
0.0,0.0,0.0,0.0,1.0,0.4897959183673469,0.028695744616225743,1.0
0.0,1.0,0.0,0.0,0.0,0.24489795918367344,0.0009336359152597042,1.0
0.0,1.0,0.0,0.0,0.0,0.510204081632653,0.005935928421728622,1.0
0.0,0.0,0.0,0.0,1.0,0.08163265306122448,0.00048670563204475663,0.0
0.0,0.0,1.0,0.0,0.0,0.10204081632653061,0.029591901305065352,0.0
0.0,1.0,0.0,0.0,0.0,0.4693877551020408,0.08279491974780984,1.0
0.0,0.0,0.0,1.0,0.0,0.6326530612244897,0.01300219993838437,0.0
0.0,1.0,0.0,0.0,0.0,0.28571428571428564,0.7018161424275691,1.0
0.0,1.0,0.0,0.0,0.0,0.6122448979591836,0.021948037484288738,1.0
0.0,0.0,1.0,0.0,0.0,0.7551020408163265,0.07769602738279652,1.0
0.0,0.0,1.0,0.0,0.0,0.3061224489795918,0.012253338598143143,0.0
0.0,0.0,0.0,1.0,0.0,0.5714285714285714,0.03086567069193197,0.0
0.0,0.0,0.0,0.0,1.0,0.0,0.00037316509083966496,0.0
0.0,1.0,0.0,0.0,0.0,0.08163265306122448,0.011424564966162027,0.0
1.0,0.0,0.0,0.0,0.0,0.36734693877551017,0.009880196649324614,0.0
1.0,0.0,0.0,0.0,0.0,0.4897959183673469,0.018112970668934584,0.0
0.0,0.0,0.0,1.0,0.0,0.836734693877551,0.08921357626670022,1.0
0.0,1.0,0.0,0.0,0.0,0.4081632653061224,0.018643790778772405,1.0
0.0,0.0,0.0,0.0,1.0,0.36734693877551017,0.0036907907773260262,0.0
0.0,0.0,0.0,0.0,1.0,0.38775510204081626,0.04174686823367078,1.0
0.0,1.0,0.0,0.0,0.0,0.9591836734693877,0.007809708945692908,0.0
0.0,1.0,0.0,0.0,0.0,0.673469387755102,0.012915055765039058,1.0
1.0,0.0,0.0,0.0,0.0,0.673469387755102,0.007510309047228526,1.0
0.0,1.0,0.0,0.0,0.0,0.8571428571428571,0.0052640866205851174,0.0
1.0,0.0,0.0,0.0,0.0,0.14285714285714285,0.0015834204775066786,0.0
1.0,0.0,0.0,0.0,0.0,0.0,0.0032011923926391016,0.0
0.0,1.0,0.0,0.0,0.0,0.02040816326530612,0.0015407523760347015,0.0
0.0,1.0,0.0,0.0,0.0,0.8571428571428571,0.02440253810116824,0.0
1.0,0.0,0.0,0.0,0.0,0.9795918367346937,0.3089077978486599,1.0
0.0,0.0,1.0,0.0,0.0,0.08163265306122448,0.017889053534726772,0.0
0.0,0.0,0.0,0.0,1.0,0.9387755102040816,0.006448307233472619,1.0
0.0,0.0,0.0,0.0,1.0,0.8775510204081631,0.15387026799906853,1.0
1.0,0.0,0.0,0.0,0.0,0.12244897959183673,0.013688867096818986,0.0
1.0,0.0,0.0,0.0,0.0,0.4693877551020408,0.00187161095948266,0.0
0.0,0.0,0.0,1.0,0.0,0.7142857142857142,0.06970449085383934,1.0
0.0,1.0,0.0,0.0,0.0,0.061224489795918366,0.00020357746719256906,0.0
0.0,1.0,0.0,0.0,0.0,0.7755102040816325,0.009526919232899854,0.0
0.0,0.0,0.0,0.0,1.0,0.510204081632653,0.003805777694852202,0.0
0.0,0.0,1.0,0.0,0.0,0.6326530612244897,0.20530046298506038,1.0
1.0,0.0,0.0,0.0,0.0,0.7142857142857142,0.00992973503832174,0.0
0.0,0.0,0.0,1.0,0.0,0.26530612244897955,0.007749322734287653,1.0
0.0,1.0,0.0,0.0,0.0,0.346938775510204,0.037236958386306876,1.0
0.0,0.0,1.0,0.0,0.0,0.9183673469387754,0.2687616704489408,1.0
0.0,0.0,1.0,0.0,0.0,0.32653061224489793,0.001694068266069603,1.0
0.0,0.0,1.0,0.0,0.0,0.836734693877551,0.015370641164159374,1.0
0.0,0.0,1.0,0.0,0.0,0.7142857142857142,0.051156522506338745,0.0
0.0,0.0,0.0,1.0,0.0,0.7959183673469387,0.015404631007704846,0.0
0.0,0.0,1.0,0.0,0.0,0.4897959183673469,0.08674978268195777,1.0
0.0,0.0,1.0,0.0,0.0,0.10204081632653061,0.0003037390274276342,0.0
0.0,0.0,1.0,0.0,0.0,0.28571428571428564,0.0021265347860737103,0.0
0.0,0.0,1.0,0.0,0.0,0.36734693877551017,0.004413978937868011,0.0
0.0,0.0,0.0,0.0,1.0,0.8979591836734693,0.015613270792021211,1.0
0.0,0.0,0.0,0.0,1.0,0.7551020408163265,0.1136906027484043,1.0
0.0,0.0,1.0,0.0,0.0,0.836734693877551,0.06049468962933714,1.0
0.0,0.0,1.0,0.0,0.0,0.346938775510204,0.03313756629827462,0.0
1.0,0.0,0.0,0.0,0.0,0.14285714285714285,0.01153521275472495,1.0
0.0,0.0,0.0,0.0,1.0,0.3061224489795918,0.006139867483001462,1.0
0.0,0.0,1.0,0.0,0.0,0.04081632653061225,0.005907127453235038,0.0
0.0,0.0,0.0,1.0,0.0,0.673469387755102,0.033571840788680085,1.0
0.0,0.0,0.0,1.0,0.0,0.32653061224489793,0.05814577448389678,1.0
0.0,1.0,0.0,0.0,0.0,0.36734693877551017,0.004048407322714038,0.0
0.0,0.0,1.0,0.0,0.0,0.836734693877551,0.04113168822490573,1.0
1.0,0.0,0.0,0.0,0.0,0.22448979591836735,0.002459201339923024,0.0
0.0,1.0,0.0,0.0,0.0,1.0,0.2969661352680063,1.0
0.0,1.0,0.0,0.0,0.0,0.12244897959183673,0.041571025032435,1.0
0.0,1.0,0.0,0.0,0.0,0.16326530612244897,0.010483335575216631,1.0
0.0,1.0,0.0,0.0,0.0,0.673469387755102,0.02382001003785167,1.0
0.0,0.0,0.0,1.0,0.0,0.6122448979591836,0.11565098505459348,1.0
1.0,0.0,0.0,0.0,0.0,0.8775510204081631,0.08774875864752245,1.0
0.0,1.0,0.0,0.0,0.0,0.7959183673469387,0.00679435276829196,0.0
0.0,0.0,0.0,1.0,0.0,0.28571428571428564,0.02038784942643947,0.0
0.0,0.0,0.0,1.0,0.0,0.7755102040816325,0.18954987684105626,1.0
0.0,0.0,0.0,1.0,0.0,0.18367346938775508,0.000730781636227677,1.0
1.0,0.0,0.0,0.0,0.0,0.6122448979591836,0.022801761107808554,1.0
0.0,0.0,0.0,1.0,0.0,0.836734693877551,0.0052051467855009454,0.0
0.0,0.0,0.0,1.0,0.0,0.7142857142857142,0.005219972142792056,0.0
0.0,0.0,0.0,0.0,1.0,0.346938775510204,0.00335342350043319,1.0
0.0,0.0,0.0,0.0,1.0,0.6326530612244897,0.010321341427255227,0.0
0.0,0.0,1.0,0.0,0.0,0.693877551020408,0.01933154271944783,1.0
1.0,0.0,0.0,0.0,0.0,0.6122448979591836,0.01204506040790705,1.0
0.0,1.0,0.0,0.0,0.0,0.9183673469387754,0.023129726938614342,1.0
0.0,0.0,1.0,0.0,0.0,0.38775510204081626,0.005947861026377565,0.0
0.0,1.0,0.0,0.0,0.0,0.9387755102040816,0.03386075445881661,1.0
0.0,0.0,0.0,1.0,0.0,0.04081632653061225,0.0009054315769985666,0.0
0.0,0.0,0.0,1.0,0.0,0.5918367346938774,0.006058508814940489,0.0
0.0,1.0,0.0,0.0,0.0,0.7346938775510203,0.008408508742621673,0.0
0.0,0.0,0.0,0.0,1.0,0.9387755102040816,0.024004784612870148,1.0
0.0,1.0,0.0,0.0,0.0,0.346938775510204,0.13638713997885396,1.0
0.0,1.0,0.0,0.0,0.0,0.38775510204081626,0.022784766186035817,0.0
0.0,0.0,0.0,0.0,1.0,0.673469387755102,0.008562547820817116,0.0
1.0,0.0,0.0,0.0,0.0,0.8775510204081631,0.022932296570786378,0.0
0.0,1.0,0.0,0.0,0.0,0.5510204081632653,0.16165280314962907,1.0
0.0,0.0,0.0,0.0,1.0,0.26530612244897955,0.07078782671833124,0.0
0.0,0.0,1.0,0.0,0.0,0.4693877551020408,0.003817348705420874,0.0
0.0,0.0,1.0,0.0,0.0,0.7755102040816325,0.00681641000718849,0.0
1.0,0.0,0.0,0.0,0.0,0.7142857142857142,0.07342102712968067,1.0
0.0,0.0,0.0,1.0,0.0,0.7142857142857142,0.1700448232021904,1.0
1.0,0.0,0.0,0.0,0.0,0.836734693877551,0.016329588665038048,0.0
1.0,0.0,0.0,0.0,0.0,0.18367346938775508,0.0053100090687795325,0.0
0.0,0.0,1.0,0.0,0.0,0.6122448979591836,0.03526193151986671,1.0
0.0,0.0,1.0,0.0,0.0,0.673469387755102,0.007773911131746081,0.0
0.0,0.0,0.0,0.0,1.0,0.26530612244897955,0.06813329225624581,1.0
0.0,0.0,0.0,1.0,0.0,0.7755102040816325,0.03027627234109025,1.0
0.0,0.0,0.0,1.0,0.0,0.16326530612244897,0.0005373288032826958,1.0
0.0,0.0,1.0,0.0,0.0,0.9591836734693877,0.29265210093392524,1.0
0.0,0.0,1.0,0.0,0.0,0.14285714285714285,0.04719565711045832,0.0
0.0,0.0,1.0,0.0,0.0,0.9183673469387754,0.008627996349346165,0.0
0.0,0.0,1.0,0.0,0.0,0.02040816326530612,0.00037605784348183284,0.0
0.0,0.0,1.0,0.0,0.0,1.0,0.29943280352568696,1.0
0.0,0.0,0.0,0.0,1.0,0.5714285714285714,0.006400576814876849,0.0
0.0,1.0,0.0,0.0,0.0,0.10204081632653061,0.0009502692429521699,0.0
0.0,0.0,0.0,0.0,1.0,0.12244897959183673,0.013581473654978499,0.0
0.0,0.0,1.0,0.0,0.0,0.061224489795918366,0.0008103323338872955,0.0
0.0,0.0,1.0,0.0,0.0,0.9183673469387754,0.011687805456599308,0.0
0.0,0.0,1.0,0.0,0.0,0.4285714285714285,0.015832758398745702,0.0
0.0,0.0,1.0,0.0,0.0,0.6122448979591836,0.044992789814039404,1.0
0.0,0.0,1.0,0.0,0.0,0.22448979591836735,0.001417087200582022,0.0
0.0,0.0,1.0,0.0,0.0,0.04081632653061225,0.001997445699416966,0.0
0.0,0.0,0.0,0.0,1.0,0.18367346938775508,0.005215633013828804,1.0
0.0,0.0,1.0,0.0,0.0,0.44897959183673464,0.022541413370013436,0.0
0.0,0.0,0.0,0.0,1.0,0.5714285714285714,0.041577895319960145,1.0
0.0,0.0,0.0,0.0,1.0,0.8571428571428571,0.09257206208425721,1.0
0.0,0.0,1.0,0.0,0.0,0.8571428571428571,0.005865417576075779,0.0
0.0,0.0,0.0,1.0,0.0,0.6122448979591836,0.06419914866289742,1.0
0.0,0.0,0.0,1.0,0.0,0.9183673469387754,0.053277633381208396,1.0
1.0,0.0,0.0,0.0,0.0,0.26530612244897955,0.0030066547774533076,1.0
1.0,0.0,0.0,0.0,0.0,0.6122448979591836,0.012220795130918753,0.0
0.0,0.0,0.0,0.0,1.0,0.36734693877551017,0.0026696490946407424,0.0
0.0,0.0,0.0,0.0,1.0,0.6122448979591836,0.010391129084747529,1.0
0.0,0.0,0.0,0.0,1.0,0.5714285714285714,0.0031060931495278305,1.0
0.0,0.0,1.0,0.0,0.0,0.32653061224489793,0.0038213262403038553,0.0
0.0,0.0,0.0,1.0,0.0,0.12244897959183673,0.0007011309216454555,0.0
0.0,0.0,0.0,1.0,0.0,0.10204081632653061,0.00045090781809792833,1.0
0.0,0.0,1.0,0.0,0.0,0.7346938775510203,0.003393922037423541,1.0
0.0,1.0,0.0,0.0,0.0,0.04081632653061225,0.00047151868067337496,0.0
0.0,0.0,0.0,0.0,1.0,0.510204081632653,0.049672540400906594,1.0
0.0,0.0,0.0,0.0,1.0,0.9183673469387754,0.03553601983271212,1.0
0.0,0.0,0.0,1.0,0.0,0.32653061224489793,0.006345614514675657,1.0
0.0,0.0,0.0,1.0,0.0,0.061224489795918366,0.004301523178903734,0.0
0.0,0.0,0.0,1.0,0.0,1.0,0.05055229879820592,1.0
0.0,0.0,0.0,0.0,1.0,0.9183673469387754,0.11530692828721563,1.0
0.0,0.0,1.0,0.0,0.0,0.24489795918367344,0.08370035132480841,1.0
1.0,0.0,0.0,0.0,0.0,0.510204081632653,0.006456623897318852,1.0
0.0,0.0,0.0,1.0,0.0,0.12244897959183673,0.0012818510145606705,0.0
0.0,0.0,1.0,0.0,0.0,0.02040816326530612,0.00016994921772736676,0.0
0.0,0.0,1.0,0.0,0.0,0.28571428571428564,0.024549345297758263,1.0
0.0,0.0,1.0,0.0,0.0,0.7959183673469387,0.16380428792724147,1.0
0.0,0.0,0.0,0.0,1.0,0.9387755102040816,0.005783697313934535,1.0
0.0,0.0,1.0,0.0,0.0,0.38775510204081626,0.03365681539754377,0.0
0.0,0.0,0.0,1.0,0.0,0.04081632653061225,0.009789436535176594,0.0
0.0,1.0,0.0,0.0,0.0,0.7142857142857142,0.0058513154069452095,0.0
1.0,0.0,0.0,0.0,0.0,0.32653061224489793,0.016955309141242988,0.0
0.0,0.0,1.0,0.0,0.0,0.836734693877551,0.006460963026282104,0.0
1.0,0.0,0.0,0.0,0.0,0.3061224489795918,0.002295399221560264,0.0
1.0,0.0,0.0,0.0,0.0,0.14285714285714285,0.04544127495179951,0.0
1.0,0.0,0.0,0.0,0.0,0.7755102040816325,0.0022577934372120813,0.0
0.0,1.0,0.0,0.0,0.0,0.4897959183673469,0.0021279811623947944,1.0
0.0,0.0,0.0,1.0,0.0,0.4285714285714285,0.01713124274099884,1.0
0.0,0.0,1.0,0.0,0.0,0.8979591836734693,0.08483720311318041,1.0
0.0,1.0,0.0,0.0,0.0,0.7142857142857142,0.007933735715225858,0.0
0.0,0.0,0.0,0.0,1.0,0.10204081632653061,0.011387682369974384,1.0
0.0,1.0,0.0,0.0,0.0,0.02040816326530612,0.0007488613402412265,0.0
0.0,1.0,0.0,0.0,0.0,0.2040816326530612,0.0025911831792219367,0.0
1.0,0.0,0.0,0.0,0.0,0.38775510204081626,0.09496384420791372,1.0
1.0,0.0,0.0,0.0,0.0,0.9183673469387754,0.009849822746581851,0.0
0.0,0.0,0.0,0.0,1.0,0.0,0.0002198492008047638,0.0
0.0,0.0,0.0,0.0,1.0,0.2040816326530612,0.3665312858430132,1.0
0.0,0.0,0.0,0.0,1.0,0.3061224489795918,0.002164140570421894,0.0
0.0,0.0,0.0,1.0,0.0,0.04081632653061225,0.04763965848162307,0.0
0.0,1.0,0.0,0.0,0.0,0.3061224489795918,0.0039695798132149615,0.0
1.0,0.0,0.0,0.0,0.0,0.6530612244897959,0.006775549876117868,0.0
1.0,0.0,0.0,0.0,0.0,0.9591836734693877,0.009610447465442453,0.0
0.0,0.0,1.0,0.0,0.0,0.3061224489795918,0.17694208564572747,1.0
0.0,0.0,0.0,1.0,0.0,0.5918367346938774,0.15538384657997087,1.0
1.0,0.0,0.0,0.0,0.0,0.4693877551020408,0.002124365221592084,1.0
0.0,0.0,0.0,1.0,0.0,0.4285714285714285,0.01584215984483275,0.0
0.0,0.0,0.0,1.0,0.0,0.5918367346938774,0.05684260749830413,1.0
0.0,0.0,0.0,0.0,1.0,0.9387755102040816,0.5783223625689379,1.0
0.0,0.0,0.0,0.0,1.0,0.16326530612244897,0.006279442797986065,1.0
0.0,1.0,0.0,0.0,0.0,0.26530612244897955,0.07727618049619388,0.0
0.0,1.0,0.0,0.0,0.0,0.346938775510204,0.048213616765237215,1.0
0.0,0.0,1.0,0.0,0.0,0.38775510204081626,0.010909654995856131,1.0
1.0,0.0,0.0,0.0,0.0,0.693877551020408,0.008619679685499933,0.0
0.0,0.0,1.0,0.0,0.0,0.5510204081632653,0.004342383309974355,1.0
0.0,1.0,0.0,0.0,0.0,0.4693877551020408,0.0021796891158735463,1.0
0.0,0.0,0.0,0.0,1.0,0.836734693877551,0.01005701615457713,0.0
1.0,0.0,0.0,0.0,0.0,0.7959183673469387,0.08666894832531319,1.0
0.0,0.0,0.0,1.0,0.0,0.5306122448979591,0.014144114043880164,1.0
0.0,0.0,0.0,0.0,1.0,0.4693877551020408,0.0023420448579152225,1.0
0.0,0.0,1.0,0.0,0.0,0.5714285714285714,0.0095001612709598,0.0
0.0,0.0,1.0,0.0,0.0,0.4285714285714285,0.0012789582619185027,0.0
0.0,0.0,1.0,0.0,0.0,0.36734693877551017,0.006774826687957326,0.0
0.0,0.0,0.0,1.0,0.0,0.5918367346938774,0.009775334366046027,0.0
1.0,0.0,0.0,0.0,0.0,0.2040816326530612,0.011871495249376975,1.0
0.0,0.0,0.0,1.0,0.0,0.4897959183673469,0.06510185020458993,1.0
1.0,0.0,0.0,0.0,0.0,0.16326530612244897,0.007139313520870487,0.0
0.0,0.0,1.0,0.0,0.0,0.8775510204081631,0.008584243465633376,0.0
0.0,1.0,0.0,0.0,0.0,0.14285714285714285,0.0166293501575827,0.0
1.0,0.0,0.0,0.0,0.0,0.7959183673469387,0.0531105769161232,1.0
0.0,0.0,0.0,1.0,0.0,0.14285714285714285,0.00028457454117327145,0.0
0.0,0.0,0.0,1.0,0.0,1.0,0.024674095255451757,0.0
0.0,0.0,0.0,1.0,0.0,0.3061224489795918,0.0009097707059618185,0.0
0.0,0.0,0.0,1.0,0.0,0.28571428571428564,0.0026418063504598755,0.0
1.0,0.0,0.0,0.0,0.0,0.24489795918367344,0.0014875980462348655,1.0
0.0,0.0,0.0,0.0,1.0,0.6530612244897959,0.01172830399358966,0.0
0.0,0.0,1.0,0.0,0.0,0.510204081632653,0.0016391059658684118,0.0
0.0,0.0,0.0,1.0,0.0,0.8775510204081631,0.0427476521696368,1.0
0.0,0.0,0.0,0.0,1.0,0.836734693877551,0.0040878210774635765,1.0
0.0,0.0,0.0,0.0,1.0,0.02040816326530612,0.0034172448556010204,0.0
0.0,0.0,0.0,1.0,0.0,0.12244897959183673,0.009227880928515744,1.0
0.0,0.0,0.0,0.0,1.0,0.9591836734693877,0.015884466352224454,0.0
0.0,0.0,0.0,0.0,1.0,0.14285714285714285,0.006344891326515115,1.0
0.0,0.0,0.0,0.0,1.0,0.5714285714285714,0.020443444516281137,1.0
0.0,0.0,0.0,0.0,1.0,0.7755102040816325,0.0077811430133514995,0.0
0.0,0.0,0.0,0.0,1.0,0.38775510204081626,0.004359378231747092,0.0
0.0,0.0,0.0,1.0,0.0,0.5714285714285714,0.030191297732226566,1.0
0.0,0.0,0.0,0.0,1.0,0.3061224489795918,0.09892349826362523,1.0
0.0,0.0,0.0,0.0,1.0,0.4897959183673469,0.01119278316070832,1.0
0.0,0.0,1.0,0.0,0.0,0.8775510204081631,0.006255939182768452,0.0
0.0,1.0,0.0,0.0,0.0,0.36734693877551017,0.0640929123221138,1.0
0.0,1.0,0.0,0.0,0.0,0.8775510204081631,0.006390090586548989,0.0
0.0,1.0,0.0,0.0,0.0,0.28571428571428564,0.002343491234236306,0.0
0.0,0.0,0.0,1.0,0.0,0.4693877551020408,0.008304008053423356,0.0
0.0,1.0,0.0,0.0,0.0,0.5714285714285714,0.060070901367259545,1.0
0.0,0.0,1.0,0.0,0.0,0.5714285714285714,0.0028594859867830135,1.0
0.0,0.0,0.0,1.0,0.0,0.44897959183673464,0.004915871521284151,0.0
1.0,0.0,0.0,0.0,0.0,0.7959183673469387,0.015269394821683496,1.0
0.0,0.0,0.0,0.0,1.0,0.9795918367346937,0.007416656180438339,0.0
1.0,0.0,0.0,0.0,0.0,0.6326530612244897,0.06583858006343807,1.0
0.0,0.0,1.0,0.0,0.0,0.08163265306122448,0.029360155659019675,0.0
0.0,1.0,0.0,0.0,0.0,0.5306122448979591,0.001992744976373443,0.0
1.0,0.0,0.0,0.0,0.0,0.32653061224489793,0.0028157331030702233,0.0
0.0,0.0,0.0,0.0,1.0,0.5918367346938774,0.18103030447667937,1.0
0.0,0.0,0.0,0.0,1.0,0.8979591836734693,0.005787674848817515,0.0
0.0,0.0,0.0,1.0,0.0,0.673469387755102,0.09227844769107717,1.0
0.0,0.0,0.0,1.0,0.0,0.3061224489795918,0.006524603584409799,0.0
0.0,1.0,0.0,0.0,0.0,0.7142857142857142,0.009635035862900881,0.0
0.0,0.0,1.0,0.0,0.0,0.08163265306122448,0.014064201752140276,0.0
0.0,0.0,1.0,0.0,0.0,0.673469387755102,0.024142190363373124,1.0
0.0,1.0,0.0,0.0,0.0,0.836734693877551,0.016008493121757405,1.0
1.0,0.0,0.0,0.0,0.0,0.6326530612244897,0.020049668562866024,1.0
0.0,0.0,1.0,0.0,0.0,0.5510204081632653,0.034664939693339294,1.0
0.0,0.0,0.0,1.0,0.0,0.8571428571428571,0.2691538915478107,1.0
0.0,0.0,1.0,0.0,0.0,0.7755102040816325,0.024275618578993123,0.0
0.0,0.0,1.0,0.0,0.0,0.8775510204081631,0.05680498363425193,1.0
1.0,0.0,0.0,0.0,0.0,0.6326530612244897,0.1771178203687392,1.0
0.0,0.0,0.0,0.0,1.0,0.9183673469387754,0.009303092497212109,0.0
0.0,0.0,0.0,0.0,1.0,0.36734693877551017,0.11156131984732053,1.0
0.0,1.0,0.0,0.0,0.0,0.02040816326530612,0.0021717340461075846,0.0
1.0,0.0,0.0,0.0,0.0,0.5918367346938774,0.006960324451136346,0.0
0.0,0.0,0.0,0.0,1.0,0.22448979591836735,0.0023221571835003174,1.0
1.0,0.0,0.0,0.0,0.0,0.4693877551020408,0.047654845432994454,1.0
0.0,1.0,0.0,0.0,0.0,0.510204081632653,0.0023583165915274165,1.0
0.0,0.0,0.0,1.0,0.0,0.7551020408163265,0.0052883134239632736,0.0
0.0,0.0,0.0,1.0,0.0,0.6326530612244897,0.17838059729556555,1.0
1.0,0.0,0.0,0.0,0.0,0.36734693877551017,0.002493914371629039,0.0
0.0,0.0,1.0,0.0,0.0,0.6326530612244897,0.0719040676441278,1.0
0.0,0.0,1.0,0.0,0.0,0.18367346938775508,0.0020079319277448247,0.0
0.0,0.0,0.0,1.0,0.0,0.4693877551020408,0.017505131019999044,1.0
1.0,0.0,0.0,0.0,0.0,0.8979591836734693,0.00992141837447551,0.0
1.0,0.0,0.0,0.0,0.0,0.9183673469387754,0.2877313478925574,1.0
0.0,0.0,1.0,0.0,0.0,0.6530612244897959,0.02683245032058931,1.0
0.0,0.0,1.0,0.0,0.0,0.14285714285714285,0.008885089740418841,0.0
0.0,0.0,1.0,0.0,0.0,0.836734693877551,0.07740897592217338,1.0
1.0,0.0,0.0,0.0,0.0,0.14285714285714285,0.0014622864606158958,1.0
0.0,0.0,0.0,0.0,1.0,0.4897959183673469,0.008271826180279237,0.0
0.0,1.0,0.0,0.0,0.0,0.693877551020408,0.006748430320097543,0.0
1.0,0.0,0.0,0.0,0.0,0.6530612244897959,0.06542321694343078,1.0
1.0,0.0,0.0,0.0,0.0,0.32653061224489793,0.004174965250808886,1.0
1.0,0.0,0.0,0.0,0.0,0.836734693877551,0.012879981139252773,1.0
0.0,0.0,0.0,0.0,1.0,0.7142857142857142,0.014412055257360971,0.0
0.0,0.0,0.0,0.0,1.0,0.7755102040816325,0.0118150865728547,0.0
0.0,0.0,0.0,0.0,1.0,0.18367346938775508,0.0693259018517956,1.0
0.0,1.0,0.0,0.0,0.0,0.28571428571428564,0.003793121902042718,0.0
0.0,1.0,0.0,0.0,0.0,0.5306122448979591,0.006489528958623513,0.0
0.0,0.0,0.0,1.0,0.0,0.7959183673469387,0.033433350255936294,1.0
0.0,1.0,0.0,0.0,0.0,0.28571428571428564,0.009104577347143334,0.0
1.0,0.0,0.0,0.0,0.0,0.4897959183673469,0.00640166159711766,0.0
1.0,0.0,0.0,0.0,0.0,0.673469387755102,0.007860332116930846,0.0
0.0,0.0,0.0,0.0,1.0,0.4081632653061224,0.01162958880967568,0.0
0.0,0.0,0.0,0.0,1.0,0.44897959183673464,0.006506162286315978,0.0
0.0,0.0,0.0,0.0,1.0,0.36734693877551017,0.025666309411715358,1.0
0.0,1.0,0.0,0.0,0.0,0.8163265306122448,0.15360191095239542,1.0
0.0,1.0,0.0,0.0,0.0,0.22448979591836735,0.017880104081240064,0.0
0.0,1.0,0.0,0.0,0.0,0.38775510204081626,0.02841117007505247,1.0
0.0,0.0,0.0,0.0,1.0,0.7346938775510203,0.009467617803735411,0.0
0.0,1.0,0.0,0.0,0.0,0.36734693877551017,0.009017071579717754,1.0
0.0,0.0,0.0,0.0,1.0,0.7959183673469387,0.2665884900265121,1.0
0.0,0.0,0.0,0.0,1.0,0.5306122448979591,0.05766232319857446,1.0
0.0,0.0,0.0,1.0,0.0,0.2040816326530612,0.0023655484731328366,0.0
1.0,0.0,0.0,0.0,0.0,0.5510204081632653,0.05586845496635006,1.0
1.0,0.0,0.0,0.0,0.0,0.5918367346938774,0.11818328263784329,1.0
0.0,0.0,0.0,1.0,0.0,0.9183673469387754,0.17340021739036104,1.0
0.0,0.0,0.0,1.0,0.0,0.08163265306122448,0.006407085508321726,0.0
0.0,0.0,0.0,1.0,0.0,0.16326530612244897,0.006438905787385573,1.0
0.0,1.0,0.0,0.0,0.0,0.44897959183673464,0.015786112762390746,1.0
1.0,0.0,0.0,0.0,0.0,0.8979591836734693,0.024931911834684975,1.0
0.0,1.0,0.0,0.0,0.0,0.44897959183673464,0.008715863710852017,0.0
0.0,0.0,0.0,1.0,0.0,0.6326530612244897,0.010666663773914023,0.0
0.0,0.0,0.0,1.0,0.0,0.7142857142857142,0.006617171668959173,0.0
0.0,0.0,0.0,0.0,1.0,0.7142857142857142,0.011172895486293414,0.0
0.0,0.0,1.0,0.0,0.0,0.7346938775510203,0.2339202547647252,1.0
0.0,0.0,0.0,1.0,0.0,0.0,0.012596129786240043,0.0
0.0,0.0,0.0,1.0,0.0,0.7551020408163265,0.07430107480224421,1.0
1.0,0.0,0.0,0.0,0.0,0.8979591836734693,0.03161634000257456,1.0
0.0,0.0,0.0,0.0,1.0,0.673469387755102,0.12173815020039544,1.0
1.0,0.0,0.0,0.0,0.0,0.28571428571428564,0.002782828041765563,0.0
1.0,0.0,0.0,0.0,0.0,0.14285714285714285,0.026976925235361587,0.0
0.0,0.0,0.0,1.0,0.0,0.12244897959183673,0.0005510693783329935,1.0
0.0,0.0,1.0,0.0,0.0,0.4693877551020408,0.04737853331655537,1.0
0.0,0.0,0.0,0.0,1.0,0.8775510204081631,0.19303808453491048,1.0
1.0,0.0,0.0,0.0,0.0,0.4285714285714285,0.0042932065150575,1.0
1.0,0.0,0.0,0.0,0.0,0.4693877551020408,0.035490458978597976,1.0
0.0,0.0,0.0,0.0,1.0,0.08163265306122448,0.0007130635262943983,0.0
0.0,0.0,0.0,1.0,0.0,0.7755102040816325,0.028474810633180164,1.0
